job_id,title,category,description,required_skills,experience_level
1,Data Scientist,Data Science,"We are looking for a Data Scientist to analyze large amounts of raw information to find patterns and build data-driven solutions. You will be responsible for building machine learning models, performing statistical analysis, and creating data visualization dashboards. The ideal candidate has strong experience with Python, SQL, and machine learning frameworks. You will work with cross-functional teams to identify business opportunities and deliver actionable insights through advanced analytics. Experience with deep learning, NLP, and cloud platforms is a plus.","Python,SQL,Machine Learning,Pandas,NumPy,Scikit-learn,TensorFlow,Statistical Analysis,Data Visualization,Tableau,Deep Learning,Feature Engineering",Mid Level
2,Junior Data Scientist,,"We are looking for a Data Scientist to analyze large amounts of raw information to find patterns and build data-driven solutions. You will be responsible for building machine learning models, performing statistical analysis, and creating data visualization dashboards. The ideal candidate has strong experience with Python, SQL, and machine learning frameworks. You will work with cross-functional teams to identify business opportunities and deliver actionable insights through advanced analytics. Experience with deep learning, NLP, and cloud platforms is a plus. Remote-friendly position with competitive benefits.","Python,SQL,Machine Learning,Pandas,NumPy,Scikit-learn,TensorFlow,Statistical Analysis,Data Visualization,Tableau,Deep Learning,Feature Engineering",Entry Level
3,Staff Data Scientist,,"We are looking for a Data Scientist to analyze large amounts of raw information to find patterns and build data-driven solutions. You will be responsible for building machine learning models, performing statistical analysis, and creating data visualization dashboards. The ideal candidate has strong experience with Python, SQL, and machine learning frameworks. You will work with cross-functional teams to identify business opportunities and deliver actionable insights through advanced analytics. Experience with deep learning, NLP, and cloud platforms is a plus. Work with cutting-edge technologies in a collaborative environment.","Python,SQL,Machine Learning,Pandas,NumPy,Scikit-learn,TensorFlow,Statistical Analysis,Data Visualization,Tableau,Deep Learning,Feature Engineering",Senior
4,Senior Data Scientist,Data Science,"As a Senior Data Scientist, you will lead complex analytics projects from inception to deployment. You will design and implement machine learning pipelines, mentor junior team members, and collaborate with product teams to drive data-informed decision making. Strong expertise in Python, advanced statistics, and production ML systems is required. Experience with A/B testing, causal inference, and deploying models at scale using cloud services (AWS/GCP) is essential. You will present findings to senior leadership and influence strategic direction.","Python,SQL,Machine Learning,Deep Learning,TensorFlow,PyTorch,Apache Spark,AWS,A/B Testing,Statistical Analysis,Data Visualization,Leadership,Communication",Senior
5,Junior Data Scientist,,"As a Senior Data Scientist, you will lead complex analytics projects from inception to deployment. You will design and implement machine learning pipelines, mentor junior team members, and collaborate with product teams to drive data-informed decision making. Strong expertise in Python, advanced statistics, and production ML systems is required. Experience with A/B testing, causal inference, and deploying models at scale using cloud services (AWS/GCP) is essential. You will present findings to senior leadership and influence strategic direction. Great opportunity for career growth and learning.","Python,SQL,Machine Learning,Deep Learning,TensorFlow,PyTorch,Apache Spark,AWS,A/B Testing,Statistical Analysis,Data Visualization,Leadership,Communication",Lead
6,Junior Data Scientist,,"As a Senior Data Scientist, you will lead complex analytics projects from inception to deployment. You will design and implement machine learning pipelines, mentor junior team members, and collaborate with product teams to drive data-informed decision making. Strong expertise in Python, advanced statistics, and production ML systems is required. Experience with A/B testing, causal inference, and deploying models at scale using cloud services (AWS/GCP) is essential. You will present findings to senior leadership and influence strategic direction. Remote-friendly position with competitive benefits.","Python,SQL,Machine Learning,Deep Learning,TensorFlow,PyTorch,Apache Spark,AWS,A/B Testing,Statistical Analysis,Data Visualization,Leadership,Communication",Entry Level
7,Junior Data Analyst,Data Science,"Entry-level position for a Data Analyst to support our analytics team. You will assist in data collection, cleaning, and analysis using SQL and Python. Create reports and dashboards using Tableau or Power BI. The ideal candidate has basic knowledge of statistics, Excel, and data visualization. Strong attention to detail and willingness to learn are essential.","SQL,Python,Excel,Tableau,Statistical Analysis,Data Visualization,Pandas,Communication",Entry Level
8,Senior Data Analyst,,"Entry-level position for a Data Analyst to support our analytics team. You will assist in data collection, cleaning, and analysis using SQL and Python. Create reports and dashboards using Tableau or Power BI. The ideal candidate has basic knowledge of statistics, Excel, and data visualization. Strong attention to detail and willingness to learn are essential. Hybrid work model with flexible hours available.","SQL,Python,Excel,Tableau,Statistical Analysis,Data Visualization,Pandas,Communication",Senior
9,Lead Data Analyst,,"Entry-level position for a Data Analyst to support our analytics team. You will assist in data collection, cleaning, and analysis using SQL and Python. Create reports and dashboards using Tableau or Power BI. The ideal candidate has basic knowledge of statistics, Excel, and data visualization. Strong attention to detail and willingness to learn are essential. Remote-friendly position with competitive benefits.","SQL,Python,Excel,Tableau,Statistical Analysis,Data Visualization,Pandas,Communication",Lead
10,Python Backend Developer,Python Developer,"We are seeking a Python Backend Developer to build scalable server-side applications. You will design and implement RESTful APIs using Django or Flask, work with PostgreSQL databases, and deploy applications using Docker and AWS. Strong understanding of software design patterns, testing, and version control with Git is required. Experience with asynchronous programming, message queues, and microservices architecture is preferred.","Python,Django,Flask,REST API,PostgreSQL,Docker,AWS,Git,SQL,Unit Testing,Redis,Linux",Mid Level
11,Python Backend Developer,,"We are seeking a Python Backend Developer to build scalable server-side applications. You will design and implement RESTful APIs using Django or Flask, work with PostgreSQL databases, and deploy applications using Docker and AWS. Strong understanding of software design patterns, testing, and version control with Git is required. Experience with asynchronous programming, message queues, and microservices architecture is preferred. Join our fast-growing team in this exciting role.","Python,Django,Flask,REST API,PostgreSQL,Docker,AWS,Git,SQL,Unit Testing,Redis,Linux",Lead
12,Staff Python Backend Developer,,"We are seeking a Python Backend Developer to build scalable server-side applications. You will design and implement RESTful APIs using Django or Flask, work with PostgreSQL databases, and deploy applications using Docker and AWS. Strong understanding of software design patterns, testing, and version control with Git is required. Experience with asynchronous programming, message queues, and microservices architecture is preferred. Work with cutting-edge technologies in a collaborative environment.","Python,Django,Flask,REST API,PostgreSQL,Docker,AWS,Git,SQL,Unit Testing,Redis,Linux",Lead
13,Senior Python Developer,Python Developer,"Lead Python development for high-performance applications. Design system architecture, implement complex business logic, and ensure code quality through reviews and testing. Must have strong experience with Django/FastAPI, PostgreSQL, Docker, Kubernetes, and CI/CD pipelines. Experience with microservices, event-driven architecture, and cloud-native development is essential.","Python,Django,FastAPI,PostgreSQL,Docker,Kubernetes,CI/CD,AWS,REST API,Git,Redis,Apache Kafka,Agile,Leadership",Senior
14,Junior Python Developer,,"Lead Python development for high-performance applications. Design system architecture, implement complex business logic, and ensure code quality through reviews and testing. Must have strong experience with Django/FastAPI, PostgreSQL, Docker, Kubernetes, and CI/CD pipelines. Experience with microservices, event-driven architecture, and cloud-native development is essential. Great opportunity for career growth and learning.","Python,Django,FastAPI,PostgreSQL,Docker,Kubernetes,CI/CD,AWS,REST API,Git,Redis,Apache Kafka,Agile,Leadership",Entry Level
15,Senior Python Developer,,"Lead Python development for high-performance applications. Design system architecture, implement complex business logic, and ensure code quality through reviews and testing. Must have strong experience with Django/FastAPI, PostgreSQL, Docker, Kubernetes, and CI/CD pipelines. Experience with microservices, event-driven architecture, and cloud-native development is essential. Great opportunity for career growth and learning.","Python,Django,FastAPI,PostgreSQL,Docker,Kubernetes,CI/CD,AWS,REST API,Git,Redis,Apache Kafka,Agile,Leadership",Senior
16,Java Software Engineer,Java Developer,"Looking for a Java Software Engineer to develop enterprise-grade applications using Spring Boot ecosystem. You will build microservices, implement REST APIs, and work with relational databases. Strong knowledge of Java 11+, Spring Framework, Hibernate, and Maven/Gradle is required. Experience with Kafka, Docker, and cloud platforms is a plus.","Java,Spring Boot,Hibernate,Maven,REST API,SQL,PostgreSQL,Docker,Git,JUnit,Microservices,Agile",Mid Level
17,Java Software Engineer,,"Looking for a Java Software Engineer to develop enterprise-grade applications using Spring Boot ecosystem. You will build microservices, implement REST APIs, and work with relational databases. Strong knowledge of Java 11+, Spring Framework, Hibernate, and Maven/Gradle is required. Experience with Kafka, Docker, and cloud platforms is a plus. Hybrid work model with flexible hours available.","Java,Spring Boot,Hibernate,Maven,REST API,SQL,PostgreSQL,Docker,Git,JUnit,Microservices,Agile",Mid Level
18,Staff Java Software Engineer,,"Looking for a Java Software Engineer to develop enterprise-grade applications using Spring Boot ecosystem. You will build microservices, implement REST APIs, and work with relational databases. Strong knowledge of Java 11+, Spring Framework, Hibernate, and Maven/Gradle is required. Experience with Kafka, Docker, and cloud platforms is a plus. Hybrid work model with flexible hours available.","Java,Spring Boot,Hibernate,Maven,REST API,SQL,PostgreSQL,Docker,Git,JUnit,Microservices,Agile",Entry Level
19,Senior Java Developer,Java Developer,"Lead the design and development of scalable Java applications. You will architect microservices solutions, mentor developers, and drive technical decision-making. Expert knowledge of Spring Boot, Kafka, Kubernetes, and cloud platforms (AWS/Azure) is required. Experience with performance optimization, distributed systems, and DevOps practices is essential.","Java,Spring Boot,Spring Security,Hibernate,Apache Kafka,Kubernetes,AWS,Docker,PostgreSQL,Oracle,Redis,Microservices,REST API,Leadership",Senior
20,Lead Java Developer,,"Lead the design and development of scalable Java applications. You will architect microservices solutions, mentor developers, and drive technical decision-making. Expert knowledge of Spring Boot, Kafka, Kubernetes, and cloud platforms (AWS/Azure) is required. Experience with performance optimization, distributed systems, and DevOps practices is essential. Great opportunity for career growth and learning.","Java,Spring Boot,Spring Security,Hibernate,Apache Kafka,Kubernetes,AWS,Docker,PostgreSQL,Oracle,Redis,Microservices,REST API,Leadership",Mid Level
21,Senior Java Developer,,"Lead the design and development of scalable Java applications. You will architect microservices solutions, mentor developers, and drive technical decision-making. Expert knowledge of Spring Boot, Kafka, Kubernetes, and cloud platforms (AWS/Azure) is required. Experience with performance optimization, distributed systems, and DevOps practices is essential. Remote-friendly position with competitive benefits.","Java,Spring Boot,Spring Security,Hibernate,Apache Kafka,Kubernetes,AWS,Docker,PostgreSQL,Oracle,Redis,Microservices,REST API,Leadership",Mid Level
22,Frontend Developer,Web Designing,"We need a creative Frontend Developer to build responsive, user-friendly web interfaces. You will work with React/Angular, implement pixel-perfect designs from Figma mockups, and optimize performance. Strong knowledge of HTML5, CSS3, JavaScript, and modern frontend frameworks is required. Experience with TypeScript, Tailwind CSS, and responsive design is preferred.","HTML,CSS,JavaScript,React,TypeScript,Tailwind CSS,Figma,Git,REST API,Responsive Design,Sass,Webpack",Mid Level
23,Lead Frontend Developer,,"We need a creative Frontend Developer to build responsive, user-friendly web interfaces. You will work with React/Angular, implement pixel-perfect designs from Figma mockups, and optimize performance. Strong knowledge of HTML5, CSS3, JavaScript, and modern frontend frameworks is required. Experience with TypeScript, Tailwind CSS, and responsive design is preferred. Join our fast-growing team in this exciting role.","HTML,CSS,JavaScript,React,TypeScript,Tailwind CSS,Figma,Git,REST API,Responsive Design,Sass,Webpack",Mid Level
24,Staff Frontend Developer,,"We need a creative Frontend Developer to build responsive, user-friendly web interfaces. You will work with React/Angular, implement pixel-perfect designs from Figma mockups, and optimize performance. Strong knowledge of HTML5, CSS3, JavaScript, and modern frontend frameworks is required. Experience with TypeScript, Tailwind CSS, and responsive design is preferred. Join our fast-growing team in this exciting role.","HTML,CSS,JavaScript,React,TypeScript,Tailwind CSS,Figma,Git,REST API,Responsive Design,Sass,Webpack",Mid Level
25,Full Stack Web Developer,Web Designing,"Build complete web applications from frontend to backend. Work with React/Next.js on the frontend and Node.js/Express on the backend. Manage MongoDB/PostgreSQL databases and deploy to cloud platforms. Strong knowledge of the entire web development stack, REST APIs, and version control is required.","HTML,CSS,JavaScript,React,Node.js,MongoDB,PostgreSQL,REST API,Git,Docker,TypeScript,Next.js,Tailwind CSS",Mid Level
26,Senior Full Stack Web Developer,,"Build complete web applications from frontend to backend. Work with React/Next.js on the frontend and Node.js/Express on the backend. Manage MongoDB/PostgreSQL databases and deploy to cloud platforms. Strong knowledge of the entire web development stack, REST APIs, and version control is required. Work with cutting-edge technologies in a collaborative environment.","HTML,CSS,JavaScript,React,Node.js,MongoDB,PostgreSQL,REST API,Git,Docker,TypeScript,Next.js,Tailwind CSS",Entry Level
27,Staff Full Stack Web Developer,,"Build complete web applications from frontend to backend. Work with React/Next.js on the frontend and Node.js/Express on the backend. Manage MongoDB/PostgreSQL databases and deploy to cloud platforms. Strong knowledge of the entire web development stack, REST APIs, and version control is required. Hybrid work model with flexible hours available.","HTML,CSS,JavaScript,React,Node.js,MongoDB,PostgreSQL,REST API,Git,Docker,TypeScript,Next.js,Tailwind CSS",Lead
28,DevOps Engineer,DevOps Engineer,"Looking for a DevOps Engineer to build and maintain CI/CD pipelines, manage cloud infrastructure, and improve system reliability. You will work with Docker, Kubernetes, Terraform, and AWS services. Strong Linux administration skills and scripting ability (Python/Bash) are required. Experience with monitoring tools (Prometheus, Grafana) and GitOps practices is preferred.","Docker,Kubernetes,AWS,Terraform,Jenkins,CI/CD,Linux,Python,Shell Scripting,Git,Prometheus,Grafana,Ansible,Nginx",Mid Level
29,Staff DevOps Engineer,,"Looking for a DevOps Engineer to build and maintain CI/CD pipelines, manage cloud infrastructure, and improve system reliability. You will work with Docker, Kubernetes, Terraform, and AWS services. Strong Linux administration skills and scripting ability (Python/Bash) are required. Experience with monitoring tools (Prometheus, Grafana) and GitOps practices is preferred. Hybrid work model with flexible hours available.","Docker,Kubernetes,AWS,Terraform,Jenkins,CI/CD,Linux,Python,Shell Scripting,Git,Prometheus,Grafana,Ansible,Nginx",Lead
30,Lead DevOps Engineer,,"Looking for a DevOps Engineer to build and maintain CI/CD pipelines, manage cloud infrastructure, and improve system reliability. You will work with Docker, Kubernetes, Terraform, and AWS services. Strong Linux administration skills and scripting ability (Python/Bash) are required. Experience with monitoring tools (Prometheus, Grafana) and GitOps practices is preferred. Join our fast-growing team in this exciting role.","Docker,Kubernetes,AWS,Terraform,Jenkins,CI/CD,Linux,Python,Shell Scripting,Git,Prometheus,Grafana,Ansible,Nginx",Senior
31,Senior DevOps Engineer,DevOps Engineer,"Lead infrastructure and DevOps initiatives for large-scale systems. Design highly available architectures, implement security best practices, and drive automation culture. Expert knowledge of Kubernetes, multi-cloud environments, and infrastructure as code is required. You will manage incident response, capacity planning, and disaster recovery strategies.","Docker,Kubernetes,AWS,Azure,GCP,Terraform,Ansible,CI/CD,Linux,Python,Prometheus,Grafana,Helm,Security,Leadership",Senior
32,DevOps Engineer,,"Lead infrastructure and DevOps initiatives for large-scale systems. Design highly available architectures, implement security best practices, and drive automation culture. Expert knowledge of Kubernetes, multi-cloud environments, and infrastructure as code is required. You will manage incident response, capacity planning, and disaster recovery strategies. Work with cutting-edge technologies in a collaborative environment.","Docker,Kubernetes,AWS,Azure,GCP,Terraform,Ansible,CI/CD,Linux,Python,Prometheus,Grafana,Helm,Security,Leadership",Lead
33,Lead DevOps Engineer,,"Lead infrastructure and DevOps initiatives for large-scale systems. Design highly available architectures, implement security best practices, and drive automation culture. Expert knowledge of Kubernetes, multi-cloud environments, and infrastructure as code is required. You will manage incident response, capacity planning, and disaster recovery strategies. Great opportunity for career growth and learning.","Docker,Kubernetes,AWS,Azure,GCP,Terraform,Ansible,CI/CD,Linux,Python,Prometheus,Grafana,Helm,Security,Leadership",Lead
34,Business Analyst,Business Analyst,"We are looking for a Business Analyst to bridge the gap between business stakeholders and technology teams. You will gather requirements, create detailed documentation, and analyze business processes. Strong skills in SQL, Excel, and visualization tools (Tableau/Power BI) are required. Experience with Agile methodology and JIRA is preferred.","SQL,Excel,Tableau,Power BI,JIRA,Communication,Requirements Gathering,Agile,Stakeholder Management,Problem Solving,Data Visualization",Mid Level
35,Lead Business Analyst,,"We are looking for a Business Analyst to bridge the gap between business stakeholders and technology teams. You will gather requirements, create detailed documentation, and analyze business processes. Strong skills in SQL, Excel, and visualization tools (Tableau/Power BI) are required. Experience with Agile methodology and JIRA is preferred. Hybrid work model with flexible hours available.","SQL,Excel,Tableau,Power BI,JIRA,Communication,Requirements Gathering,Agile,Stakeholder Management,Problem Solving,Data Visualization",Entry Level
36,Lead Business Analyst,,"We are looking for a Business Analyst to bridge the gap between business stakeholders and technology teams. You will gather requirements, create detailed documentation, and analyze business processes. Strong skills in SQL, Excel, and visualization tools (Tableau/Power BI) are required. Experience with Agile methodology and JIRA is preferred. Work with cutting-edge technologies in a collaborative environment.","SQL,Excel,Tableau,Power BI,JIRA,Communication,Requirements Gathering,Agile,Stakeholder Management,Problem Solving,Data Visualization",Entry Level
37,Full Stack Developer,Full Stack Developer,"Looking for a Full Stack Developer proficient in both frontend and backend technologies. You will build complete web applications using React/Angular on the frontend and Node.js/Python on the backend. Experience with databases (PostgreSQL, MongoDB), Docker, and cloud deployment is required. Strong understanding of REST APIs, version control, and agile methodologies is essential.","JavaScript,React,Node.js,Python,PostgreSQL,MongoDB,Docker,REST API,Git,HTML,CSS,TypeScript,AWS,Agile",Mid Level
38,Full Stack Developer,,"Looking for a Full Stack Developer proficient in both frontend and backend technologies. You will build complete web applications using React/Angular on the frontend and Node.js/Python on the backend. Experience with databases (PostgreSQL, MongoDB), Docker, and cloud deployment is required. Strong understanding of REST APIs, version control, and agile methodologies is essential. Remote-friendly position with competitive benefits.","JavaScript,React,Node.js,Python,PostgreSQL,MongoDB,Docker,REST API,Git,HTML,CSS,TypeScript,AWS,Agile",Lead
39,Lead Full Stack Developer,,"Looking for a Full Stack Developer proficient in both frontend and backend technologies. You will build complete web applications using React/Angular on the frontend and Node.js/Python on the backend. Experience with databases (PostgreSQL, MongoDB), Docker, and cloud deployment is required. Strong understanding of REST APIs, version control, and agile methodologies is essential. Remote-friendly position with competitive benefits.","JavaScript,React,Node.js,Python,PostgreSQL,MongoDB,Docker,REST API,Git,HTML,CSS,TypeScript,AWS,Agile",Senior
40,Cybersecurity Analyst,Network Security Engineer,"We are seeking a Cybersecurity Analyst to protect our systems and data from security threats. You will conduct vulnerability assessments, monitor security events using SIEM tools, and implement security policies. Knowledge of network security, penetration testing, and incident response is required. Certifications such as CISSP, CEH, or CompTIA Security+ are preferred.","Cybersecurity,Penetration Testing,Firewall,SIEM,Linux,Python,Networking,Encryption,OWASP,Wireshark,IAM,Nmap,SOC",Mid Level
41,Staff Cybersecurity Analyst,,"We are seeking a Cybersecurity Analyst to protect our systems and data from security threats. You will conduct vulnerability assessments, monitor security events using SIEM tools, and implement security policies. Knowledge of network security, penetration testing, and incident response is required. Certifications such as CISSP, CEH, or CompTIA Security+ are preferred. Hybrid work model with flexible hours available.","Cybersecurity,Penetration Testing,Firewall,SIEM,Linux,Python,Networking,Encryption,OWASP,Wireshark,IAM,Nmap,SOC",Entry Level
42,Junior Cybersecurity Analyst,,"We are seeking a Cybersecurity Analyst to protect our systems and data from security threats. You will conduct vulnerability assessments, monitor security events using SIEM tools, and implement security policies. Knowledge of network security, penetration testing, and incident response is required. Certifications such as CISSP, CEH, or CompTIA Security+ are preferred. Hybrid work model with flexible hours available.","Cybersecurity,Penetration Testing,Firewall,SIEM,Linux,Python,Networking,Encryption,OWASP,Wireshark,IAM,Nmap,SOC",Lead
43,Database Administrator,Database Administrator,"Manage and optimize database systems to ensure high performance, availability, and security. You will work with PostgreSQL, MySQL, and Oracle databases, perform backup and recovery operations, and optimize queries. Experience with database monitoring, replication, and cloud database services (AWS RDS, Azure SQL) is required.","PostgreSQL,MySQL,Oracle,SQL,Database,Linux,Python,AWS,Backup,Performance Tuning,Monitoring,Shell Scripting",Mid Level
44,Junior Database Administrator,,"Manage and optimize database systems to ensure high performance, availability, and security. You will work with PostgreSQL, MySQL, and Oracle databases, perform backup and recovery operations, and optimize queries. Experience with database monitoring, replication, and cloud database services (AWS RDS, Azure SQL) is required. Hybrid work model with flexible hours available.","PostgreSQL,MySQL,Oracle,SQL,Database,Linux,Python,AWS,Backup,Performance Tuning,Monitoring,Shell Scripting",Entry Level
45,Lead Database Administrator,,"Manage and optimize database systems to ensure high performance, availability, and security. You will work with PostgreSQL, MySQL, and Oracle databases, perform backup and recovery operations, and optimize queries. Experience with database monitoring, replication, and cloud database services (AWS RDS, Azure SQL) is required. Hybrid work model with flexible hours available.","PostgreSQL,MySQL,Oracle,SQL,Database,Linux,Python,AWS,Backup,Performance Tuning,Monitoring,Shell Scripting",Mid Level
46,QA Automation Engineer,Automation Testing,"Build and maintain automated test frameworks for web and mobile applications. You will write test scripts using Selenium, design test strategies, and integrate tests into CI/CD pipelines. Strong knowledge of testing methodologies, Java/Python, and API testing is required. Experience with Cypress, Appium, and performance testing tools is a plus.","Selenium,Java,Python,Test Automation,API Testing,CI/CD,Git,JIRA,Agile,JUnit,TestNG,REST API,BDD,Performance Testing",Mid Level
47,Staff QA Automation Engineer,,"Build and maintain automated test frameworks for web and mobile applications. You will write test scripts using Selenium, design test strategies, and integrate tests into CI/CD pipelines. Strong knowledge of testing methodologies, Java/Python, and API testing is required. Experience with Cypress, Appium, and performance testing tools is a plus. Join our fast-growing team in this exciting role.","Selenium,Java,Python,Test Automation,API Testing,CI/CD,Git,JIRA,Agile,JUnit,TestNG,REST API,BDD,Performance Testing",Lead
48,Junior QA Automation Engineer,,"Build and maintain automated test frameworks for web and mobile applications. You will write test scripts using Selenium, design test strategies, and integrate tests into CI/CD pipelines. Strong knowledge of testing methodologies, Java/Python, and API testing is required. Experience with Cypress, Appium, and performance testing tools is a plus. Remote-friendly position with competitive benefits.","Selenium,Java,Python,Test Automation,API Testing,CI/CD,Git,JIRA,Agile,JUnit,TestNG,REST API,BDD,Performance Testing",Entry Level
49,Big Data Engineer,Hadoop Developer,"Design and implement big data solutions using Hadoop ecosystem. You will build data pipelines using Spark, Hive, and Kafka, process petabyte-scale datasets, and optimize data workflows. Strong knowledge of distributed computing, SQL, and Python/Scala is required. Experience with cloud data platforms (Snowflake, Databricks) is preferred.","Hadoop,Apache Spark,Hive,Kafka,Python,SQL,Scala,MapReduce,HBase,Data Warehousing,ETL,AWS,Linux",Mid Level
50,Big Data Engineer,,"Design and implement big data solutions using Hadoop ecosystem. You will build data pipelines using Spark, Hive, and Kafka, process petabyte-scale datasets, and optimize data workflows. Strong knowledge of distributed computing, SQL, and Python/Scala is required. Experience with cloud data platforms (Snowflake, Databricks) is preferred. Hybrid work model with flexible hours available.","Hadoop,Apache Spark,Hive,Kafka,Python,SQL,Scala,MapReduce,HBase,Data Warehousing,ETL,AWS,Linux",Senior
51,Big Data Engineer,,"Design and implement big data solutions using Hadoop ecosystem. You will build data pipelines using Spark, Hive, and Kafka, process petabyte-scale datasets, and optimize data workflows. Strong knowledge of distributed computing, SQL, and Python/Scala is required. Experience with cloud data platforms (Snowflake, Databricks) is preferred. Join our fast-growing team in this exciting role.","Hadoop,Apache Spark,Hive,Kafka,Python,SQL,Scala,MapReduce,HBase,Data Warehousing,ETL,AWS,Linux",Mid Level
52,ETL Developer,ETL Developer,"Build and maintain ETL pipelines for data integration and warehousing. You will extract data from multiple sources, transform it according to business rules, and load it into data warehouses. Experience with ETL tools (Informatica, Talend, SSIS), SQL, and Python is required. Knowledge of data modeling and cloud data platforms is preferred.","ETL,SQL,Python,Informatica,Data Warehousing,Apache Spark,Airflow,PostgreSQL,AWS,Shell Scripting,Snowflake",Mid Level
53,Junior ETL Developer,,"Build and maintain ETL pipelines for data integration and warehousing. You will extract data from multiple sources, transform it according to business rules, and load it into data warehouses. Experience with ETL tools (Informatica, Talend, SSIS), SQL, and Python is required. Knowledge of data modeling and cloud data platforms is preferred. Hybrid work model with flexible hours available.","ETL,SQL,Python,Informatica,Data Warehousing,Apache Spark,Airflow,PostgreSQL,AWS,Shell Scripting,Snowflake",Lead
54,Lead ETL Developer,,"Build and maintain ETL pipelines for data integration and warehousing. You will extract data from multiple sources, transform it according to business rules, and load it into data warehouses. Experience with ETL tools (Informatica, Talend, SSIS), SQL, and Python is required. Knowledge of data modeling and cloud data platforms is preferred. Great opportunity for career growth and learning.","ETL,SQL,Python,Informatica,Data Warehousing,Apache Spark,Airflow,PostgreSQL,AWS,Shell Scripting,Snowflake",Mid Level
55,.NET Developer,DotNet Developer,"Develop enterprise applications using .NET framework and C#. You will build web APIs using ASP.NET Core, work with SQL Server databases, and implement microservices architecture. Strong knowledge of C#, .NET Core, Entity Framework, and Azure is required. Experience with CI/CD, Docker, and agile methodologies is preferred.","C#,.NET,ASP.NET,SQL Server,Azure,REST API,Entity Framework,Git,Docker,Agile,Unit Testing,JavaScript,HTML,CSS",Mid Level
56,Junior .NET Developer,,"Develop enterprise applications using .NET framework and C#. You will build web APIs using ASP.NET Core, work with SQL Server databases, and implement microservices architecture. Strong knowledge of C#, .NET Core, Entity Framework, and Azure is required. Experience with CI/CD, Docker, and agile methodologies is preferred. Work with cutting-edge technologies in a collaborative environment.","C#,.NET,ASP.NET,SQL Server,Azure,REST API,Entity Framework,Git,Docker,Agile,Unit Testing,JavaScript,HTML,CSS",Senior
57,Staff .NET Developer,,"Develop enterprise applications using .NET framework and C#. You will build web APIs using ASP.NET Core, work with SQL Server databases, and implement microservices architecture. Strong knowledge of C#, .NET Core, Entity Framework, and Azure is required. Experience with CI/CD, Docker, and agile methodologies is preferred. Remote-friendly position with competitive benefits.","C#,.NET,ASP.NET,SQL Server,Azure,REST API,Entity Framework,Git,Docker,Agile,Unit Testing,JavaScript,HTML,CSS",Senior
58,Blockchain Developer,Blockchain Developer,"Build decentralized applications and smart contracts on Ethereum and other blockchain platforms. You will write Solidity smart contracts, develop Web3 interfaces, and implement DeFi protocols. Strong knowledge of blockchain fundamentals, cryptography, and JavaScript/TypeScript is required. Experience with Hardhat, Truffle, and IPFS is preferred.","Blockchain,Solidity,Ethereum,Web3,JavaScript,Smart Contracts,DeFi,Python,Git,Cryptography,Node.js,TypeScript",Mid Level
59,Blockchain Developer,,"Build decentralized applications and smart contracts on Ethereum and other blockchain platforms. You will write Solidity smart contracts, develop Web3 interfaces, and implement DeFi protocols. Strong knowledge of blockchain fundamentals, cryptography, and JavaScript/TypeScript is required. Experience with Hardhat, Truffle, and IPFS is preferred. Great opportunity for career growth and learning.","Blockchain,Solidity,Ethereum,Web3,JavaScript,Smart Contracts,DeFi,Python,Git,Cryptography,Node.js,TypeScript",Senior
60,Staff Blockchain Developer,,"Build decentralized applications and smart contracts on Ethereum and other blockchain platforms. You will write Solidity smart contracts, develop Web3 interfaces, and implement DeFi protocols. Strong knowledge of blockchain fundamentals, cryptography, and JavaScript/TypeScript is required. Experience with Hardhat, Truffle, and IPFS is preferred. Work with cutting-edge technologies in a collaborative environment.","Blockchain,Solidity,Ethereum,Web3,JavaScript,Smart Contracts,DeFi,Python,Git,Cryptography,Node.js,TypeScript",Entry Level
61,Software Test Engineer,Testing,"Ensure software quality through comprehensive manual and automated testing. You will create test plans, execute test cases, report defects, and collaborate with development teams. Knowledge of testing methodologies, SDLC, and defect tracking tools is required. Experience with Selenium, API testing, and Agile practices is preferred.","Manual Testing,Test Automation,Selenium,API Testing,JIRA,SQL,Agile,Unit Testing,Performance Testing,Communication,Problem Solving",Mid Level
62,Lead Software Test Engineer,,"Ensure software quality through comprehensive manual and automated testing. You will create test plans, execute test cases, report defects, and collaborate with development teams. Knowledge of testing methodologies, SDLC, and defect tracking tools is required. Experience with Selenium, API testing, and Agile practices is preferred. Hybrid work model with flexible hours available.","Manual Testing,Test Automation,Selenium,API Testing,JIRA,SQL,Agile,Unit Testing,Performance Testing,Communication,Problem Solving",Senior
63,Lead Software Test Engineer,,"Ensure software quality through comprehensive manual and automated testing. You will create test plans, execute test cases, report defects, and collaborate with development teams. Knowledge of testing methodologies, SDLC, and defect tracking tools is required. Experience with Selenium, API testing, and Agile practices is preferred. Remote-friendly position with competitive benefits.","Manual Testing,Test Automation,Selenium,API Testing,JIRA,SQL,Agile,Unit Testing,Performance Testing,Communication,Problem Solving",Mid Level
64,SAP Technical Consultant,SAP Developer,"Configure and customize SAP modules to meet business requirements. You will develop ABAP programs, create reports, and support SAP implementations. Strong knowledge of SAP ERP, ABAP programming, and database concepts is required. Experience with SAP HANA, Fiori, and integration technologies is preferred.","SAP,Oracle,SQL,ABAP,SAP HANA,Communication,Problem Solving,Project Management,Agile",Mid Level
65,Lead SAP Technical Consultant,,"Configure and customize SAP modules to meet business requirements. You will develop ABAP programs, create reports, and support SAP implementations. Strong knowledge of SAP ERP, ABAP programming, and database concepts is required. Experience with SAP HANA, Fiori, and integration technologies is preferred. Great opportunity for career growth and learning.","SAP,Oracle,SQL,ABAP,SAP HANA,Communication,Problem Solving,Project Management,Agile",Mid Level
66,Senior SAP Technical Consultant,,"Configure and customize SAP modules to meet business requirements. You will develop ABAP programs, create reports, and support SAP implementations. Strong knowledge of SAP ERP, ABAP programming, and database concepts is required. Experience with SAP HANA, Fiori, and integration technologies is preferred. Hybrid work model with flexible hours available.","SAP,Oracle,SQL,ABAP,SAP HANA,Communication,Problem Solving,Project Management,Agile",Lead
67,Mechanical Design Engineer,Mechanical Engineer,"Design and develop mechanical systems and components using CAD software. You will perform stress analysis, create technical drawings, and collaborate with manufacturing teams. Knowledge of SolidWorks, AutoCAD, and engineering fundamentals is required. Experience with FEA, MATLAB, and product development lifecycle is preferred.","AutoCAD,SolidWorks,MATLAB,C++,Problem Solving,Project Management,Communication,Teamwork",Mid Level
68,Lead Mechanical Design Engineer,,"Design and develop mechanical systems and components using CAD software. You will perform stress analysis, create technical drawings, and collaborate with manufacturing teams. Knowledge of SolidWorks, AutoCAD, and engineering fundamentals is required. Experience with FEA, MATLAB, and product development lifecycle is preferred. Hybrid work model with flexible hours available.","AutoCAD,SolidWorks,MATLAB,C++,Problem Solving,Project Management,Communication,Teamwork",Entry Level
69,Lead Mechanical Design Engineer,,"Design and develop mechanical systems and components using CAD software. You will perform stress analysis, create technical drawings, and collaborate with manufacturing teams. Knowledge of SolidWorks, AutoCAD, and engineering fundamentals is required. Experience with FEA, MATLAB, and product development lifecycle is preferred. Join our fast-growing team in this exciting role.","AutoCAD,SolidWorks,MATLAB,C++,Problem Solving,Project Management,Communication,Teamwork",Lead
70,Electrical Design Engineer,Electrical Engineering,"Design electrical systems, circuits, and control systems for industrial applications. You will create schematics, perform simulations, and oversee installations. Knowledge of AutoCAD Electrical, MATLAB/Simulink, and power systems is required. Experience with PLC programming and embedded systems is a plus.","AutoCAD,MATLAB,C++,Python,Problem Solving,Communication,Project Management,Linux",Mid Level
71,Junior Electrical Design Engineer,,"Design electrical systems, circuits, and control systems for industrial applications. You will create schematics, perform simulations, and oversee installations. Knowledge of AutoCAD Electrical, MATLAB/Simulink, and power systems is required. Experience with PLC programming and embedded systems is a plus. Hybrid work model with flexible hours available.","AutoCAD,MATLAB,C++,Python,Problem Solving,Communication,Project Management,Linux",Entry Level
72,Electrical Design Engineer,,"Design electrical systems, circuits, and control systems for industrial applications. You will create schematics, perform simulations, and oversee installations. Knowledge of AutoCAD Electrical, MATLAB/Simulink, and power systems is required. Experience with PLC programming and embedded systems is a plus. Great opportunity for career growth and learning.","AutoCAD,MATLAB,C++,Python,Problem Solving,Communication,Project Management,Linux",Senior
73,Civil/Structural Engineer,Civil Engineer,"Design and oversee construction projects including buildings, bridges, and infrastructure. You will prepare structural calculations, review designs, and ensure compliance with building codes. Knowledge of AutoCAD, structural analysis software, and project management is required.","AutoCAD,Project Management,Communication,Problem Solving,Excel,Leadership,Teamwork",Mid Level
74,Senior Civil/Structural Engineer,,"Design and oversee construction projects including buildings, bridges, and infrastructure. You will prepare structural calculations, review designs, and ensure compliance with building codes. Knowledge of AutoCAD, structural analysis software, and project management is required. Join our fast-growing team in this exciting role.","AutoCAD,Project Management,Communication,Problem Solving,Excel,Leadership,Teamwork",Senior
75,Junior Civil/Structural Engineer,,"Design and oversee construction projects including buildings, bridges, and infrastructure. You will prepare structural calculations, review designs, and ensure compliance with building codes. Knowledge of AutoCAD, structural analysis software, and project management is required. Join our fast-growing team in this exciting role.","AutoCAD,Project Management,Communication,Problem Solving,Excel,Leadership,Teamwork",Senior
76,HR Business Partner,HR,"Partner with business leaders to drive HR strategy, talent management, and employee engagement. You will manage recruitment, performance reviews, and employee relations. Strong communication, organizational, and analytical skills are required. Experience with HRIS systems and employment law is preferred.","Communication,Leadership,Excel,Presentation,Negotiation,Problem Solving,Stakeholder Management,Project Management",Mid Level
77,Senior HR Business Partner,,"Partner with business leaders to drive HR strategy, talent management, and employee engagement. You will manage recruitment, performance reviews, and employee relations. Strong communication, organizational, and analytical skills are required. Experience with HRIS systems and employment law is preferred. Join our fast-growing team in this exciting role.","Communication,Leadership,Excel,Presentation,Negotiation,Problem Solving,Stakeholder Management,Project Management",Mid Level
78,Lead HR Business Partner,,"Partner with business leaders to drive HR strategy, talent management, and employee engagement. You will manage recruitment, performance reviews, and employee relations. Strong communication, organizational, and analytical skills are required. Experience with HRIS systems and employment law is preferred. Remote-friendly position with competitive benefits.","Communication,Leadership,Excel,Presentation,Negotiation,Problem Solving,Stakeholder Management,Project Management",Entry Level
79,Business Development Manager,Sales,"Drive revenue growth through strategic sales initiatives and client relationship management. You will identify new business opportunities, negotiate contracts, and manage key accounts. Strong communication, negotiation, and presentation skills are required. Experience with CRM tools (Salesforce) and B2B sales is preferred.","Communication,Negotiation,Presentation,Salesforce,Excel,Leadership,Problem Solving,Stakeholder Management,Time Management",Mid Level
80,Lead Business Development Manager,,"Drive revenue growth through strategic sales initiatives and client relationship management. You will identify new business opportunities, negotiate contracts, and manage key accounts. Strong communication, negotiation, and presentation skills are required. Experience with CRM tools (Salesforce) and B2B sales is preferred. Hybrid work model with flexible hours available.","Communication,Negotiation,Presentation,Salesforce,Excel,Leadership,Problem Solving,Stakeholder Management,Time Management",Entry Level
81,Staff Business Development Manager,,"Drive revenue growth through strategic sales initiatives and client relationship management. You will identify new business opportunities, negotiate contracts, and manage key accounts. Strong communication, negotiation, and presentation skills are required. Experience with CRM tools (Salesforce) and B2B sales is preferred. Work with cutting-edge technologies in a collaborative environment.","Communication,Negotiation,Presentation,Salesforce,Excel,Leadership,Problem Solving,Stakeholder Management,Time Management",Mid Level
82,Operations Manager,Operations Manager,"Oversee daily operations, optimize processes, and manage team performance. You will implement operational strategies, monitor KPIs, and drive continuous improvement. Strong leadership, analytical, and project management skills are required. Experience with Lean/Six Sigma and ERP systems is preferred.","Leadership,Project Management,Communication,Excel,Problem Solving,Agile,Stakeholder Management,Time Management,Presentation",Senior
83,Senior Operations Manager,,"Oversee daily operations, optimize processes, and manage team performance. You will implement operational strategies, monitor KPIs, and drive continuous improvement. Strong leadership, analytical, and project management skills are required. Experience with Lean/Six Sigma and ERP systems is preferred. Join our fast-growing team in this exciting role.","Leadership,Project Management,Communication,Excel,Problem Solving,Agile,Stakeholder Management,Time Management,Presentation",Mid Level
84,Junior Operations Manager,,"Oversee daily operations, optimize processes, and manage team performance. You will implement operational strategies, monitor KPIs, and drive continuous improvement. Strong leadership, analytical, and project management skills are required. Experience with Lean/Six Sigma and ERP systems is preferred. Remote-friendly position with competitive benefits.","Leadership,Project Management,Communication,Excel,Problem Solving,Agile,Stakeholder Management,Time Management,Presentation",Mid Level
85,Corporate Lawyer,Advocate,"Provide legal counsel on corporate matters including contracts, compliance, and intellectual property. You will draft legal documents, review agreements, and represent the company in legal proceedings. Strong analytical, communication, and research skills are required.","Communication,Negotiation,Problem Solving,Leadership,Presentation,Time Management",Mid Level
86,Lead Corporate Lawyer,,"Provide legal counsel on corporate matters including contracts, compliance, and intellectual property. You will draft legal documents, review agreements, and represent the company in legal proceedings. Strong analytical, communication, and research skills are required. Join our fast-growing team in this exciting role.","Communication,Negotiation,Problem Solving,Leadership,Presentation,Time Management",Lead
87,Staff Corporate Lawyer,,"Provide legal counsel on corporate matters including contracts, compliance, and intellectual property. You will draft legal documents, review agreements, and represent the company in legal proceedings. Strong analytical, communication, and research skills are required. Great opportunity for career growth and learning.","Communication,Negotiation,Problem Solving,Leadership,Presentation,Time Management",Lead
88,Creative Director,Arts,"Lead creative vision and design strategy for brands and campaigns. You will oversee design teams, direct visual content creation, and ensure brand consistency. Strong skills in Adobe Creative Suite, design thinking, and team management are required.","Photoshop,Illustrator,Figma,Communication,Leadership,Presentation,Teamwork,Problem Solving",Senior
89,Senior Creative Director,,"Lead creative vision and design strategy for brands and campaigns. You will oversee design teams, direct visual content creation, and ensure brand consistency. Strong skills in Adobe Creative Suite, design thinking, and team management are required. Hybrid work model with flexible hours available.","Photoshop,Illustrator,Figma,Communication,Leadership,Presentation,Teamwork,Problem Solving",Lead
90,Lead Creative Director,,"Lead creative vision and design strategy for brands and campaigns. You will oversee design teams, direct visual content creation, and ensure brand consistency. Strong skills in Adobe Creative Suite, design thinking, and team management are required. Work with cutting-edge technologies in a collaborative environment.","Photoshop,Illustrator,Figma,Communication,Leadership,Presentation,Teamwork,Problem Solving",Mid Level
91,Health Data Analyst,Health and Fitness,"Analyze health and fitness data to drive insights for wellness programs. You will work with medical datasets, perform statistical analysis, and create reports. Knowledge of data analysis tools, statistics, and health informatics is required.","Python,SQL,Excel,Statistical Analysis,Data Visualization,Communication,Problem Solving,Tableau",Mid Level
92,Lead Health Data Analyst,,"Analyze health and fitness data to drive insights for wellness programs. You will work with medical datasets, perform statistical analysis, and create reports. Knowledge of data analysis tools, statistics, and health informatics is required. Hybrid work model with flexible hours available.","Python,SQL,Excel,Statistical Analysis,Data Visualization,Communication,Problem Solving,Tableau",Mid Level
93,Junior Health Data Analyst,,"Analyze health and fitness data to drive insights for wellness programs. You will work with medical datasets, perform statistical analysis, and create reports. Knowledge of data analysis tools, statistics, and health informatics is required. Great opportunity for career growth and learning.","Python,SQL,Excel,Statistical Analysis,Data Visualization,Communication,Problem Solving,Tableau",Lead
